id,name,album,album_id,artists,artist_ids,track_number,disc_number,explicit,danceability,energy,key,loudness,mode,speechiness,acousticness,instrumentalness,liveness,valence,tempo,duration_ms,time_signature,year,release_date,lyrics
3DpuYpzkvUWXbmzCm6pfzR,Burn the Witch,A Moon Shaped Pool,2ix8vWvvSp2Yo7rKMiWpkg,['Radiohead'],['4Z8W4fKeB5YxbusRsdQVPb'],1,1,False,0.54,0.847,11,-6.52,1,0.0297,0.303,0.272,0.109,0.62,148.936,220609,4.0,2016,2016-05-08,"Stay in the shadows
Cheer at the gallows
This is a round up

This is a low flying panic attack
Sing a song on the jukebox that goes

Burn the witch
Burn the witch
We know where you live

Red crosses on wooden doors
And if you float you burn
Loose talk around tables
Abandon all reason
Avoid all eye contact

Do not react
Shoot the messengers

This is a low flying panic attack
Sing the song of sixpence that goes

Burn the witch
Burn the witch
We know where you live
We know where you live"
1Rd5OVjqDAr5xC96MHt448,Daydreaming,A Moon Shaped Pool,2ix8vWvvSp2Yo7rKMiWpkg,['Radiohead'],['4Z8W4fKeB5YxbusRsdQVPb'],2,1,False,0.214,0.263,9,-13.207,0,0.0336,0.968,0.853,0.126,0.113,137.561,384439,3.0,2016,2016-05-08,"Dreamers
They never learn
They never learn

Beyond the point
Of no return
Of no return

It's too late
The damage is done
The damage is done

This goes
Beyond me
Beyond you

A white room
By a window
Where the Sun comes through

We are
Just happy to serve
Just happy to serve you"
4mRSbPLnOm54ttkTYvxxSY,Decks Dark,A Moon Shaped Pool,2ix8vWvvSp2Yo7rKMiWpkg,['Radiohead'],['4Z8W4fKeB5YxbusRsdQVPb'],3,1,False,0.557,0.501,2,-10.827,0,0.0269,0.6659999999999999,0.8370000000000001,0.1169999999999999,0.271,139.149,281011,4.0,2016,2016-05-08,"And in your life, there comes a darkness
There’s spacecraft blocking out the sky
And there’s nowhere to hide
You run to the back and you call on your knees
But it’s the loudest sound you’ve ever heard
And are we trapped like dark cloud’s people
We are helpless to resist
In our darkest hour

But it was just a laugh, just a laugh/lie
Just a laugh, just a laugh
Even at this angle
And so we crumble
To turn heads, you know where it’s at
This dread still covers us
You gotta be kidding me

The grass grows over me
Your face in the glass, in a glass
It was just a laugh, just a laugh
It’s whatever you say it is
Spread at infinity

And in your life, there comes a darkness
And a spacecraft blocking out the sky
And there’s nowhere to hide
You run, look back and you call on your knees
It’s the loudest sound you’ve ever heard
In your darkest hour

We will never, never know
when you had enough of it, sweet dark
We will never, never know
We will never, never know
Sweet dark

Sweet dark
Sweet dark
Sweet dark"
0eLVt8CGVdNnyMcfP38kDi,Desert Island Disk,A Moon Shaped Pool,2ix8vWvvSp2Yo7rKMiWpkg,['Radiohead'],['4Z8W4fKeB5YxbusRsdQVPb'],4,1,False,0.56,0.282,0,-13.241,1,0.0287,0.868,0.529,0.11,0.158,112.009,224698,1.0,2016,2016-05-08,"Now as I go upon my way
So let me go upon my way
Born of a light
Born of a light

The wind rushing round my open heart
An open ravine
In my spirit light
Totally alive
In my spirit light

Through an open doorway
Across a street
To another life
And catching my reflection in a window
Switching on a light
One I didn’t know
Totally alive
Totally released

Waking, waking up from shutdown
From a thousand years of sleep
Yeah you, you know what I mean
You know what I mean
You know what I mean

Standing on the edge of you
You know what I mean
You know what I mean
You know what I mean
Different types of love
Different types of love
Different types of love
Are possible
Are possible
Are possible
Are possible"
6nOsTV3cMjLh3k6Wpk468L,Ful Stop,A Moon Shaped Pool,2ix8vWvvSp2Yo7rKMiWpkg,['Radiohead'],['4Z8W4fKeB5YxbusRsdQVPb'],5,1,False,0.425,0.662,0,-9.877,1,0.0502,0.352,0.941,0.619,0.178,151.18200000000004,367349,3.0,2016,2016-05-08,"You really messed up everything
You really messed up everything
If you could take it all back again
Strike up what's in the box
Why should I be good if you're not?

This is a foul tasting medicine
A foul tasting medicine
To be trapped in your full stop
Truth will mess you up
Truth will mess you up
Truth will mess you up
Truth will mess you up
Truth will mess you up
Truth will mess you up
Truth will mess you up

(All the good times)
Truth will mess you up
Truth will mess you up
(All the good times)
Truth will mess you up
Truth will mess you up
(All the good times)
Truth will mess you up
Truth will mess you up
(All the good times)
Truth will mess you up
Truth will mess you up

Take me back
Take me back again
Take me back
Take me back again
You really me-

Really mess-
You really messed up
You really messed up
You really messed up
You really messed up this time
You really messed up
You really messed up
You really messed up
You really messed up this time"
0uOeAmfdyaekD2RIGwCDwq,Glass Eyes,A Moon Shaped Pool,2ix8vWvvSp2Yo7rKMiWpkg,['Radiohead'],['4Z8W4fKeB5YxbusRsdQVPb'],6,1,False,0.237,0.11,8,-15.720999999999998,1,0.0358,0.955,0.557,0.138,0.0632,114.436,172936,4.0,2016,2016-05-08,"Hey it's me, I just got off the train
A frightening place
The faces are concrete grey
And I'm wondering, should I turn around?
Buy another ticket
Panic is coming on strong
So cold, from the inside out
No great drama, message coming in
In the oh-so-smug
Glassy eyed light of day
Glassy eyed light of day

The path trails off
And heads down a mountain
Through the dry bush,
I don't know where it leads
I don't really care
And the path trails off
And heads down a mountain
Through the dry bush,
I don't know where it leads
I don't really care

I feel this love to the core
I feel this love to the core"
135WMJorhiGvPe50XF54D9,Identikit,A Moon Shaped Pool,2ix8vWvvSp2Yo7rKMiWpkg,['Radiohead'],['4Z8W4fKeB5YxbusRsdQVPb'],7,1,False,0.6920000000000001,0.4589999999999999,11,-9.461,0,0.0403,0.0632,0.512,0.136,0.35,150.695,266644,4.0,2016,2016-05-08,"A moon shaped pool, dancing clothes
Won't let me in and now I know
It's never gonna be oh me

A moon shaped pool, dancing clothes
Won't let me in and now I know
It's never gonna be oh me

A moon shaped pool, dancing clothes
Won't let me in and now I know
It's never gonna be oh me

Sweet-faced ones with nothing left inside
That we all can love,
That we all can love, that we all
Sweet-faced ones with nothing left inside
That we all can love,
That we all can love, that we all

But now I see you messing me around
I don't want to know,
I don't want to know, I don't want
When I see you messing me around?
I don't want to know,
I don't want to know, I don't want to know

Broken hearts make it rain
Broken hearts make it rain
Broken hearts make it rain
Broken hearts make it rain
Broken hearts make it rain
Broken hearts make it rain
Broken hearts make it rain
Broken hearts make it rain
Broken hearts make it rain
Broken hearts

Broken hearts make it rain
Broken hearts make it rain
Broken hearts make it rain
Broken hearts make it rain
Broken hearts make it rain
Broken hearts make it rain
Broken hearts make it rain
Broken hearts make it rain

Pieces of a ragdoll mankind
That we can create
That we can create, that we can
Pieces of a ragdoll mankind
That we can create
That we can create

But when I see you messing me around
I don't want to know
I don't want to know, I don't want
When I see you messing me around
I don't want to know
I don't want to know
I don't want to know"
1GnFQL9XnxrXFloKm1yjuW,The Numbers,A Moon Shaped Pool,2ix8vWvvSp2Yo7rKMiWpkg,['Radiohead'],['4Z8W4fKeB5YxbusRsdQVPb'],8,1,False,0.282,0.3720000000000001,5,-9.77,1,0.0315,0.6509999999999999,0.409,0.0755,0.0551,105.271,345887,3.0,2016,2016-05-08,"It holds us like a phantom
The touch is like a breeze
It shines its understanding
See the moon smiling

Open on all channels
Ready to receive
And we're not at the mercy
Of your chimeras and spells
Yur chimeras and spells
Mmmhm

We are of the earth
To her we do return
The future is inside us
It's not somewhere else
It's not somewhere else
It's not somewhere else

(One day at a time)
One day at a time

We call upon the people
People have this power
The numbers don't decide
Your system is a lie
The river running dry
The wings of a butterfly
And you may pour us away like soup
Like we're pretty broken flowers
We'll take back what is ours
Take back what is ours

One day at a time"
7KHQtpLpoIV3Wfu22YQT8y,Present Tense,A Moon Shaped Pool,2ix8vWvvSp2Yo7rKMiWpkg,['Radiohead'],['4Z8W4fKeB5YxbusRsdQVPb'],9,1,False,0.462,0.407,1,-12.428,0,0.0345,0.912,0.3989999999999999,0.11,0.336,91.915,306581,4.0,2016,2016-05-08,"This dance
This dance
Is like a weapon
Is like a weapon
Of self defense
Of self defense
Against the present
Against the present
The present tense

No, I won't get heavy
No, don't get heavy
Keep it light and
Keep it moving
I am doing
No harm

As my world
Comes crashing down
I'll be dancing
Freaking out
Deaf dumb and blind

In you I'm lost
In you I'm lost

I won't turn around or the penny drops
I won't stop now, I won't slack off
Or all this love will be in vain

To stop from falling down a mine
It's no one's business but mine
Where all this love has been in vain

In you I'm lost
In you I'm lost

In you I'm lost
In you I'm lost"
3YQVYTkonczhXyj31HH4AK,Tinker Tailor Soldier Sailor Rich Man Poor Man Beggar Man Thief,A Moon Shaped Pool,2ix8vWvvSp2Yo7rKMiWpkg,['Radiohead'],['4Z8W4fKeB5YxbusRsdQVPb'],10,1,False,0.355,0.436,11,-10.944,1,0.0302,0.73,0.7979999999999999,0.106,0.0508,90.388,303689,4.0,2016,2016-05-08,"All the holes at once are coming alive, set free
Out of sight and out of mind, lonely
And they pray

The ones you light your fires to keep away
Crawling out upon, expending
And all you have to do is say yeah

All the birds stay up in the trees
All the fish swim down too deep and lonely
And they pray
Honey, come to me before it's too late

The ones you light your fires to keep away
Is crawling out upon, expelling
And all you have to do is say yeah"
07XaOyTS5hyaWiUK1Bc3bR,True Love Waits,A Moon Shaped Pool,2ix8vWvvSp2Yo7rKMiWpkg,['Radiohead'],['4Z8W4fKeB5YxbusRsdQVPb'],11,1,False,0.401,0.132,0,-15.569,1,0.0355,0.938,0.102,0.1,0.0381,136.142,283464,4.0,2016,2016-05-08,"I'll drown my beliefs
To have you be in peace
I'll dress like your niece
And wash your swollen feet

Just don't leave
Don't leave

I'm not living
I'm just killing time
Your tiny hands
Your crazy kitten smile

Just, don't leave
Don't leave

And true love waits
In haunted attics
And true love lives
On lollipops and crisps

Just dont leave, dont leave..
Don't leave.. dont leave"
4oXg7xT4ksBxHTx8PcmSXw,15 Step,In Rainbows,5vkqYmiPBYLaalcmjujWxK,['Radiohead'],['4Z8W4fKeB5YxbusRsdQVPb'],1,1,False,0.598,0.8540000000000001,1,-7.584,1,0.0422,0.0477,0.3379999999999999,0.0934,0.8440000000000001,94.458,237293,4.0,2007,2007-12-28,"How come I end up where I started
How come I end up where I went wrong
Won't take my eyes off the ball again
You reel me out when and you cut the string.

How come I end up where I started
How come I end up where I went wrong
Won't take my eyes off the ball again
You cut me in and reel the string

You used to be alright
What happened?
Did the cat get your tongue
Did your string come undone
One by one
One by one

Here it comes / ???
It is soft as your pillow

You used to be alright
What happened?
Etcetera Etcetera
Fetch for whatever
Fifteen steps
Then a sheer drop

How come i end up where i started?
How can i end up where i belong?
Won't take my eyes off the ball again
You reel me out when and you cut the string."
4pWIwnnqx8k01fuF95UMIg,Bodysnatchers,In Rainbows,5vkqYmiPBYLaalcmjujWxK,['Radiohead'],['4Z8W4fKeB5YxbusRsdQVPb'],2,1,False,0.342,0.976,2,-4.9860000000000015,1,0.0573,0.00443,0.0175,0.0974,0.733,166.66299999999995,242293,4.0,2007,2007-12-28,"I do not
Understand
What it is
I've done wrong
Full of holes
Check the pulse
Blink your eyes
One for yes
Two for no

I have no idea what I am talking about
I'm trapped in this body and can't get out
Ooooohhhh

Make a sound
Move back home

Get an invitation
With the edges
Sawn off

I have no idea what you are talking about
I'm trapped in this body and can't get out
Ooooohhhh

Has the light gone out for you?
Cause the light's gone for me
It is the 21st century
It is the 21st century
You can fight it like a dog
And they brought me to my knees
They got scared and they put me in
They got scared and they put me in
All the lies run around my face
All the lies run around my face

And for anyone else to see
And for anyone else to see

I'm alive

I've seen it coming"
35YyxFpE0ZTOoqFx5bADW8,Nude,In Rainbows,5vkqYmiPBYLaalcmjujWxK,['Radiohead'],['4Z8W4fKeB5YxbusRsdQVPb'],3,1,False,0.516,0.342,4,-9.785,1,0.0342,0.8320000000000001,0.579,0.0857,0.1669999999999999,128.378,255387,3.0,2007,2007-12-28,"Don't get any big ideas
They're not gonna happen

You paint yourself white
And fill up with noise
But there'll be something missing

Now that you've found it, it's gone
Now that you feel it, you don't
You've gone off the rails

So don't get any big ideas
They're not gonna happen
You'll go to hell
For what your dirty mind
Is thinking"
4wajJ1o7jWIg62YqpkHC7S,Weird Fishes/ Arpeggi,In Rainbows,5vkqYmiPBYLaalcmjujWxK,['Radiohead'],['4Z8W4fKeB5YxbusRsdQVPb'],4,1,False,0.531,0.61,11,-8.025,0,0.0387,0.772,0.7559999999999999,0.0908,0.1989999999999999,152.958,318187,4.0,2007,2007-12-28,
5Qv2Nby1xTr9pQyjkrc94J,All I Need,In Rainbows,5vkqYmiPBYLaalcmjujWxK,['Radiohead'],['4Z8W4fKeB5YxbusRsdQVPb'],5,1,False,0.67,0.478,4,-8.689,0,0.0355,0.531,0.428,0.138,0.0997,88.014,228747,4.0,2007,2007-12-28,"I'm the next act
Waiting in the wings

I'm an animal
Trapped in your hot car

I am all the days
That you choose to ignore

You are all I need
You are all I need
I'm in the middle of your picture
Lying in the reeds

I'm a moth
Who just wants to share your light

I'm just an insect
Trying to get out of the night

I only stick with you
Because there are no others

You are all I need
You're all I need
I'm in the middle your picture
Lying in the reeds

It's all wrong
It's all right
It's all wrong"
15irEKZ9D6FQqLoZ1qJ1Cx,Faust Arp,In Rainbows,5vkqYmiPBYLaalcmjujWxK,['Radiohead'],['4Z8W4fKeB5YxbusRsdQVPb'],6,1,False,0.337,0.288,9,-13.477,0,0.0321,0.84,0.1989999999999999,0.0964,0.225,105.036,129680,4.0,2007,2007-12-28,"One two three four

Wakey wakey
rise and shine
it's on again, off again, on again
watch me fall
like dominos
in pretty patterns
Fingers in the blackbird pie
i'm tingling tingling tingling
it's what you feel now
what you ought to, what you ought to
reasonable and sensible
dead from the neck up
because im stuffed, stuffed, stuffed
we thought you had it in you

but no, no, no
for no real reason

Squeeze the tubes and empty bottles
take a bow take a bow take a bow
it's what you feel now
what you ought to
what you ought to
an elephant thats in the room is
tumbling tumbling tumbling
in duplicate and duplicate
plastic bags and
duplicate and triplicate
dead from the neck up
guess im stuffed, stuffed, stuffed
we thought you had it in you
but no, no, no
exactly where do you get off

Is enough is enough is enough
I love you but enough is enough, enough
a last stop
There's no real reason

you've got a head full of feathers
you got melted to butter"
02ppMPbg1OtEdHgoPqoqju,Reckoner,In Rainbows,5vkqYmiPBYLaalcmjujWxK,['Radiohead'],['4Z8W4fKeB5YxbusRsdQVPb'],7,1,False,0.523,0.6559999999999999,4,-7.441,0,0.0262,0.511,0.16,0.0679,0.214,104.271,290213,4.0,2007,2007-12-28,"Reckoner
You can't take it with you
This is for the pleasure

You are not to blame for
Bittersweet distractor
Didn't speak his name
Dedicated it to all your
All your needs

Because we separate
Our ripples on a black shore
Because we separate
Our ripples on a black shore

Oh reckoner

Take me with you
Dedicated it to all your
All your needs"
48X4D1FYOShPz2VF3YdfCF,House Of Cards,In Rainbows,5vkqYmiPBYLaalcmjujWxK,['Radiohead'],['4Z8W4fKeB5YxbusRsdQVPb'],8,1,False,0.708,0.499,5,-9.644,1,0.0297,0.2689999999999999,0.57,0.1009999999999999,0.628,111.652,328293,4.0,2007,2007-12-28,"I don't want to be your friend
I just want to be your lover
No matter how it ends
No matter how it starts

Forget about your house of cards
And I'll do mine
Forget about your house of cards
And I'll do mine

Fall off the table,
Get swept under
Denial, denial

The infrastructure will collapse
Voltage spikes

Throw your keys in the bowl
Kiss your husband goodnight

Forget about your house of cards
And I'll do mine
Forget about your house of cards
And I'll do mine

Fall off the table,
And get swept under

Denial, denial
Denial, denial
Your ears should be burning
Denial, denial
Your ears should be burning
Denial, denial"
0YJ9FWWHn9EfnN0lHwbzvV,Jigsaw Falling Into Place,In Rainbows,5vkqYmiPBYLaalcmjujWxK,['Radiohead'],['4Z8W4fKeB5YxbusRsdQVPb'],9,1,False,0.462,0.8320000000000001,11,-6.085,0,0.0479,0.108,0.00416,0.0741,0.807,165.653,248893,4.0,2007,2007-12-28,"Just as you take my hand
Just as you write my number down
Just as the drinks arrive
Just as they play your favourite song
As your bad mood disappears
No longer wound up like a spring
Before you've had too much
Come back in focus again

The walls abandon shape
They got a cheshire cat grin
All blurring into one
This place is on a mission
Before the night owl
Before the animal noises
Closed circuit cameras

Before you're comatose

Before you run away from me
Before you're lost between the notes
The beat goes round and round
The beat goes round and round
I never really got there
I just pretended that I had

What's the point of instruments
Words are a sawed off shotgun

Come on and let it out
Come on and let it out
Come on and let it out
Come on and let it out

Before you run away from me

Before you're lost between the notes
Just as you take the mic
Just as you dance, dance, dance

Jigsaw falling into place
There is nothing to explain
Regard each other as you pass
She looks back, you look back
Not just once
Not just twice
Wish away the nightmare
Wish away the nightmare
You've got a light you can feel it on your back
You've got a light you can feel it on your back
Jigsaws falling into places, places"
4T1iiabe7G0UjWQJCY6NE2,Videotape,In Rainbows,5vkqYmiPBYLaalcmjujWxK,['Radiohead'],['4Z8W4fKeB5YxbusRsdQVPb'],10,1,False,0.596,0.3829999999999999,1,-11.194,0,0.0324,0.6940000000000001,0.8079999999999999,0.0889,0.0506,77.423,279634,4.0,2007,2007-12-28,"When I'm at the pearly gates
This'll be on my videotape
My videotape
My videotape

When Mephistopheles is just beneath
And he's reaching up to grab me

This is one for the good days
And I have it all here
In red blue green
In red blue green

You are my center when I spin away
Out of control on videotape
On videotape (x6)

This is my way of saying goodbye
Because I can't do it face to face
So I'm talking to you before it's too late

No matter what happens now
I shouldn't be afraid
Because I know today has been the most perfect day I've ever seen."
5KZ0qobWEFl892YjIC02SE,You,Pablo Honey,3gBVdu4a1MMJVMy6vwPEb8,['Radiohead'],['4Z8W4fKeB5YxbusRsdQVPb'],1,1,False,0.222,0.7070000000000001,9,-12.012,1,0.0578,0.0009449999999999,0.00684,0.109,0.298,112.663,208667,3.0,1993,1993-02-22,"You are the sun the moon and stars
ah you... and I could never run away from you

You try but what could get out of things ?
and why should I believe myself ?

It's like the world is gonna end so soon
and why should I believe myself ?

Yeah...

You, me, and everything
caught in the fire
I can see you drowning

caught in the fire"
70LcF31zb1H0PyJoS1Sx1r,Creep,Pablo Honey,3gBVdu4a1MMJVMy6vwPEb8,['Radiohead'],['4Z8W4fKeB5YxbusRsdQVPb'],2,1,True,0.515,0.43,7,-9.935,1,0.0372,0.0097,0.000133,0.129,0.104,91.844,238640,4.0,1993,1993-02-22,"When you were here before
Couldn't look you in the eye
You're just like an angel
Your skin makes me cry
You float like a feather
In a beautiful world
I wish I was special
You're so fuckin' special

But I'm a creep, I'm a weirdo
What the hell am I doing here?
I don't belong here

I don't care if it hurts
I wanna have control
I want a perfect body

I want a perfect soul
I want you to notice
When I'm not around
You're so fuckin' special
I wish I was special

But I'm a creep, I'm a weirdo
What the hell am I doing here?
I don't belong here
Oh-oh, oh-oh

She's running out the door
She's running
She run, run, run, run
Run

Whatever makes you happy
Whatever you want

You're so fuckin' special
I wish I was special
But I'm a creep, I'm a weirdo
What the hell am I doing here?
I don't belong here
I don't belong here"
5qsgK2wcodYCEbgbdCpYOG,How Do You?,Pablo Honey,3gBVdu4a1MMJVMy6vwPEb8,['Radiohead'],['4Z8W4fKeB5YxbusRsdQVPb'],3,1,False,0.185,0.964,9,-8.316,1,0.084,0.000659,0.879,0.107,0.238,147.351,132173,4.0,1993,1993-02-22,"His banner is twistin'
He knows what he wants
He wants to be looked at
He wants to be loved
He wants us to listen
He wants us to leave
And he was a stupid baby
Turned into a powerful freak

How do you ?
How do you ?
How do you ?

He's just like his mother

But we showed him respect
He's a dangerous bigot
But we always forget
And he's just like his daddy
Cuz he cheats on his friends
And he steals anybody's
Any way that he can

How do you ?
How do you ?
How do you ?"
3CbAW3GjkBKfErt4LLbSzr,Stop Whispering,Pablo Honey,3gBVdu4a1MMJVMy6vwPEb8,['Radiohead'],['4Z8W4fKeB5YxbusRsdQVPb'],4,1,False,0.212,0.696,2,-10.059,1,0.0472,0.000849,0.0165,0.129,0.298,122.35,325627,4.0,1993,1993-02-22,"And the wise man said ""I don't wanna hear your voice""
And the thin man said ""I don't wanna hear your voice""
And they're cursing me
And they won't let me be
There's nothing to say
And there's nothing to do

Stop whispering, start shouting
Stop whispering, start shouting

And my mother said ""Let me spit on you son some more""

And the [? building ?] said ""Let me spit on your face some more""
And the feeling is
That there's something wrong
Cuz I can't find the words
And I can't find the song

Stop whispering, start shouting
Stop whispering, start shouting

They said, ""I have a complaint
""Can't remember what it is
""That's why I'm here""

Stop whispering, start shouting
Stop whispering, start shouting"
46tfxn5lP7Qsbz7NHsj9iu,Thinking About You,Pablo Honey,3gBVdu4a1MMJVMy6vwPEb8,['Radiohead'],['4Z8W4fKeB5YxbusRsdQVPb'],5,1,False,0.365,0.37,7,-14.134,1,0.0331,0.705,7.71e-06,0.0883,0.42,103.442,161533,4.0,1993,1993-02-22,"Been thinking about you,
the way I cut your hair
Your eyes are on my wall,
your teeth are over there

But I'm still no one,
and you're my star

What do you care?

Been thinking about you,
and there's no rest

Should I still love you,
still see you in bed

When I'm playing with myself?
What do you care
when the other men are far, far better?

All the things you got,
all the things you need
I bought you cigarettes,
and pried the company
to come and see you,
honey

I've been thinking about you, so how can you sleep?
Those people aren't your friends, they're paid to kiss your feet
They don't know what I know.
Why should you care when I'm not there?

Been thinking about you, and there's no rest
Should I still love you, still see you in bed
When I'm playing with myself?
What do you care when I'm not there?

All the things you got
that you'll never need
all the things you got
I bled and
I bleed to please you

Been thinking
about you..."
23oUaizFBFVFI5PxJrkiO5,Anyone Can Play Guitar,Pablo Honey,3gBVdu4a1MMJVMy6vwPEb8,['Radiohead'],['4Z8W4fKeB5YxbusRsdQVPb'],6,1,False,0.293,0.812,4,-10.772,0,0.0546,0.000101,0.0007559999999999,0.332,0.555,150.743,217800,4.0,1993,1993-02-22,"Destiny... destiny protect me from the world
Destiny... hold my hand, protect me from the world

Here we are, with our running and confusion
And I don't see no confusion anywhere

As the world does turn
And if London burns
I'll be standing on the beach with my guitar
I wanna be in a band
When I get to heaven
Anyone can play guitar and they won't
be a nothing anymore

Grow my hair... grow my hair I am Jim Morrison
Grow my hair... I wanna be wanna be wanna be Jim Morrison

Here we are, with our running and confusion
And I don't see no confusion anywhere

As the world does turn
And if London burns
I'll be standing on the beach with my guitar
I wanna be in a band
When I get to heaven
Anyone can play guitar and they won't
be a nothing anymore"
2wOvYLilnDJfuPXGHGFAWZ,Ripcord,Pablo Honey,3gBVdu4a1MMJVMy6vwPEb8,['Radiohead'],['4Z8W4fKeB5YxbusRsdQVPb'],7,1,False,0.255,0.906,2,-10.436,1,0.0548,1.98e-05,0.358,0.322,0.256,137.951,189733,4.0,1993,1993-02-22,
6HbWoyinLdXPZmk6xONuKw,Vegetable,Pablo Honey,3gBVdu4a1MMJVMy6vwPEb8,['Radiohead'],['4Z8W4fKeB5YxbusRsdQVPb'],8,1,False,0.382,0.7170000000000001,6,-8.868,1,0.0339,0.00281,0.569,0.187,0.419,105.82,192667,4.0,1993,1993-02-22,"I never wanted anything like this
I worked hard, tried hard
I ran around in domestic bliss
I fought hard, died long

Every time you're running out of here
Every time you're running I get the fear

I never wanted any broken bones
Scarred face, no home
Your words surround me and asphyxiate
And I burn all hate

Every time you're running out on me

Every time you're running I can see

I'm not a vegetable
I will not control myself
I spit on the hand that feeds me
I will not control myself

The waters spray, the waters roll all over me
The waters spray, the waters roll on this tired [?]

I'm not a vegetable
I will not control myself
I spit on the hand that feeds me
I will not control myself"
0GDuL9TCO41PgsrKWBSGlm,Prove Yourself,Pablo Honey,3gBVdu4a1MMJVMy6vwPEb8,['Radiohead'],['4Z8W4fKeB5YxbusRsdQVPb'],9,1,False,0.25,0.62,0,-10.915,1,0.0611,0.000849,0.0848,0.175,0.319,114.097,145373,4.0,1993,1993-02-22,"I can't afford to breathe in this town
Nowhere to sit with out a gun in my hand
Look back up to the cathode ray...

I'm better off dead
I'm better off dead
I'm better off...

Prove yourself
Prove yourself
Prove yourself

I want to breathe, I want to grow
I say I want it but I don't know how

I look, I bleed, I beg and pray

I'm better off dead
I'm better off dead
I'm better off...

Prove yourself
Prove yourself
Prove yourself

I'm better off dead
I'm better off dead
I'm better off...

Prove yourself..."
13nQ70PnhDnTkYqCmdg3sy,I Can't,Pablo Honey,3gBVdu4a1MMJVMy6vwPEb8,['Radiohead'],['4Z8W4fKeB5YxbusRsdQVPb'],10,1,False,0.27,0.825,7,-10.255999999999998,1,0.0607,0.00985,0.308,0.118,0.273,106.147,253093,4.0,1993,1993-02-22,"Please forget the words that I just blurted out.
It wasn't me, it was my strange and creeping doubt.
It keeps rattling my cage, and there's nothing in this world will keep it down.

Even though I might, even though I try,
I can't
Even though I might, even though I try,
I can't.

So many things that keep, that keep me underground.
So many words that I, that I can never find.
If you give up on me now, I'll be gutted like I've never been before.

Even though I might, even though I try,
I can't
Even though I might, even though I try,
I can't.

If you give up on me now, I'll be gutted like I've never been before.
Even though I might, even though I try,
I can't
Even though I might, even though I try,
I can't.
Even though I might, even though I try,
I can't
Even though I might, even though I try,
I can't."
30C1FoJzEhNUILsxghioGz,Lurgee,Pablo Honey,3gBVdu4a1MMJVMy6vwPEb8,['Radiohead'],['4Z8W4fKeB5YxbusRsdQVPb'],11,1,False,0.42,0.5479999999999999,0,-12.298,1,0.0268,0.000135,0.3989999999999999,0.111,0.409,101.888,187867,4.0,1993,1993-02-22,"I feel better,
I feel better now you've gone

I got better,
I got better, I got strong

I feel better,
I feel better, now there's nothing wrong

I got better,
I got better, I got strong

Tell me something,
Tell me something I don't know

Tell me one thing,
Tell me one thing, let it go

I got something,
I got something heaven knows

I got something,
I got something I don't know"
5XpcTQlNnfIQbiWE4hvYo7,Blow Out,Pablo Honey,3gBVdu4a1MMJVMy6vwPEb8,['Radiohead'],['4Z8W4fKeB5YxbusRsdQVPb'],12,1,False,0.271,0.7190000000000001,11,-10.739,0,0.0553,0.000469,0.386,0.24,0.275,141.537,282067,4.0,1993,1993-02-22,"In my mind.
And nailed into my hands
All the time
Killing what I fed
And everything I touch turns to stone.
(all wrapped up in crinoline, all wrapped up in suger-coated)
And everything I touch turns to stone.
(all wrapped up in crinoline, all wrapped up in suger-coated)

I am fused
Just in case I blow out
I am glued
Just in case I crack up
And everything I touch turns to stone.

(all wrapped up in crinoline, all wrapped up in suger-coated)
And everything I touch turns to stone.
(all wrapped up in crinoline, all wrapped up in suger-coated)"
37JISltgxizbDAyNEEqkTY,Planet Telex,The Bends,35UJLpClj5EDrhpNIi4DFg,['Radiohead'],['4Z8W4fKeB5YxbusRsdQVPb'],1,1,False,0.429,0.8809999999999999,9,-8.013,0,0.107,0.0213,0.688,0.607,0.258,148.963,259200,3.0,1995,1995-03-13,"You Can Force It But It Will Not Come
You Can Taste It But It Will Not Form
You Can Crush It But It's Always Here
You Can Crush It But It's Always Near
Chasing You Home
Saying Everything Is Broken
Everyone Is Broken
You Can Force It But It Will Stay Stung
You Can Crush It As Dry As A Bone
You Can Walk It Straight Home From School
You Can Kiss It You Can Break All The Rules
But Still Everything Is Broken
Everyone Is Broken
Why Can't You Forget?"
7oDFvnqXkXuiZa1sACXobj,The Bends,The Bends,35UJLpClj5EDrhpNIi4DFg,['Radiohead'],['4Z8W4fKeB5YxbusRsdQVPb'],2,1,False,0.23,0.755,7,-8.065,1,0.0658,0.0115,0.141,0.363,0.312,91.608,246200,4.0,1995,1995-03-13,"where do we go from here?
the words are coming out all wierd
where are you now when i need you?
alone on an aeroplane
falling asleep against the window pane
my blood will THICKEN.

i need to wash myself again to hide all the dirt and pain
i'd be scared that there's nothing underneath
and who are my real friends?
have they all got the bends?
am i really sinking this low?

my baby's got the bends
we don't have any real friends
i'm just lying in a bar with my drip feed on
talking to my girlfriend waiting for something to happen
and i wish it was the sixties
i wish i could be happy
i wish
i wish
i wish that something would happen..

where do we go from here?
the words are coming out all wierd
where are you now when i need you?
they brought in the CIA
the tanks and the whole marines to blow me away
to blow me sky high.

my baby's got the bends
we don't have any real friends
i'm just lying in a bar with my drip feed on
talking to my girlfriend waiting for something to happen
and i wish it was the sixties
i wish i could be happy
i wish
i wish
i wish that something would happen

i want to live and breathe
i want to be part of the human race

where do we go from here?
the words are coming out all wierd
where are you now when i need you?"
2a1iMaoWQ5MnvLFBDv4qkf,High and Dry,The Bends,35UJLpClj5EDrhpNIi4DFg,['Radiohead'],['4Z8W4fKeB5YxbusRsdQVPb'],3,1,False,0.419,0.3829999999999999,4,-11.782,1,0.0256,0.0724,0.0176,0.0896,0.35,87.568,257480,4.0,1995,1995-03-13,"Two jumps in a week,
I bet you think that's pretty clever don't you boy?
Flying on your motorcycle,
watching all the ground beneath you drop.
You'd kill yourself for recognition
kill yourself to never ever stop.
You broke another mirror
you're turning into something you are not.

Don't leave me high, don't leave me dry
Don't leave me high, don't leave me dry

Drying up in conversation,
you will be the one who cannot talk.
All your insides fall to pieces,
you just sit there wishing you could still make love
They're the ones who'll hate you
when you think you've got the world all sussed out
They're the ones who'll spit at you.
You will be the one screaming out.

Don't leave me high, don't leave me dry
Don't leave me high, don't leave me dry

It's the best thing that you've ever had,
the best thing that you've ever, ever had.
It's the best thing that you've ever had
the best thing you've had has gone away.

Don't leave me high, don't leave me dry
Don't leave me high, don't leave me dry"
73CKjW3vsUXRpy3NnX4H7F,Fake Plastic Trees,The Bends,35UJLpClj5EDrhpNIi4DFg,['Radiohead'],['4Z8W4fKeB5YxbusRsdQVPb'],4,1,False,0.4629999999999999,0.2289999999999999,2,-12.592,1,0.0297,0.1669999999999999,0.0997,0.2019999999999999,0.135,73.543,290707,4.0,1995,1995-03-13,"The green plastic watering can
For her fake Chinese rubber plant
In the fake plastic Earth

That she bought from a rubber man
In a town full of rubber plans
To get rid of itself

It wears her out
It wears her out
It wears her out
It wears her out

She lives with a broken man
A cracked polystyrene man
Who just crumbles and burns

He used to do surgery
For girls in the 80s
But gravity always wins

And it wears him out
It wears him out
It wears him out
It wears...

She looks like the real thing
She tastes like the real thing
My fake plastic love

But I can't help the feeling
I could blow through the ceiling
If I just turn and run

And it wears me out
It wears me out
It wears me out
It wears me out

And if I could be who you wanted
If I could be who you wanted
All the time
All the time"
76RAlQcfuQknnQFruYDj6Q,Bones,The Bends,35UJLpClj5EDrhpNIi4DFg,['Radiohead'],['4Z8W4fKeB5YxbusRsdQVPb'],5,1,False,0.336,0.705,2,-8.283999999999999,1,0.0519,0.00154,0.606,0.168,0.419,101.473,189000,4.0,1995,1995-03-13,"I Don't Want To Be Crippled And Cracked
Shoulders, Wrists, Knees And Back
Ground To Dust And Ash
Crawling On All Fours

When You've Got To Feel It In Your Bones
When You've Got To Feel It In Your Bones

Now I Can't Climb The Stairs
Pieces Missing Everywhere
Prozac Painkillers

When You've Got To Feel It In Your Bones
When You've Got To Feel It In Your Bones

And I Used To Fly Like Peter Pan

All The Children Flew When I Touched Their Hands

When You've Got To Feel It In Your Bones
When You've Got To Feel It In Your Bones"
1tZcw7GtIqviL32bzaKdSo,(Nice Dream),The Bends,35UJLpClj5EDrhpNIi4DFg,['Radiohead'],['4Z8W4fKeB5YxbusRsdQVPb'],6,1,False,0.263,0.5660000000000001,9,-11.075,1,0.0344,0.163,0.261,0.225,0.375,172.851,233227,3.0,1995,1995-03-13,"They Loved Me Like I Was A Brother
They Protect Me
Listen To Me
They Dug Me My Very Own Garden
Gave Me Sunshine
Made Me Happy
Nice Dream
Nice Dream
Nice Dream

I Called Up My Friend The Good Angel
But She's Out With
Her Answerphone
She Said That She'd Love To Come Help But
The Sea Would
Electrocute Us All

Nice Dream
Nice Dream
Nice Dream
Nice Dream
Nice Dream
Nice Dream
Nice Dream

(If You Think That You're Strong Enough)
Nice Dream
(If You Think You Belong Enough)
Nice Dream
(If You Think That You're Strong Enough)
Nice Dream
(If You Think You Belong Enough)
Nice Dream

Oh Come On
Oh Come On
Oh Come On
Oh Come On

Nice Dream
Nice Dream
Nice Dream
Nice Dream"
1dyTcli07c77mtQK3ahUZR,Just,The Bends,35UJLpClj5EDrhpNIi4DFg,['Radiohead'],['4Z8W4fKeB5YxbusRsdQVPb'],7,1,False,0.291,0.767,7,-6.912999999999999,0,0.0862,0.000401,0.012,0.0763,0.359,175.702,234800,4.0,1995,1995-03-13,"Can't get the stink off
He's been hanging round for days
Comes like a comet
Suckered you but not your friends
One day he'll get to you
And teach you how to be a holy cow

You do it to yourself, you do
And that's what really hurts
Is that you do it to yourself
Just you, you and no one else
You do it to yourself
You do it to yourself

Don't get my sympathy
Hanging out the 15th floor

You've changed the locks three times
He still comes reeling through the door
One day I'll get to you
And teach you how to get to purest hell

You do it to yourself, you do
And that's what really hurts
Is that you do it to yourself
Just you, you and no one else
You do it to yourself
You do it to yourself

You do it to yourself, you do
And that's what really hurts
Is that you do it to yourself
Just you, you and no one else
You do it to yourself
You do it to yourself.. yourself.. yourself.."
0jyikFM0Umv0KlnrOEKtTG,My Iron Lung,The Bends,35UJLpClj5EDrhpNIi4DFg,['Radiohead'],['4Z8W4fKeB5YxbusRsdQVPb'],8,1,False,0.242,0.8590000000000001,0,-8.41,1,0.0663,0.0565,0.114,0.38,0.672,96.917,276427,4.0,1995,1995-03-13,"Faith Your Driving Me Away
You Do It Everyday
You Don't Mean It But It Hurts Like Hell
My Brain Says Im Receiving Pain
A Lack Of Oxygen From My Life Sup[Port
My Iron Lung
Were Too Young To Fall Asleep
Too Cynical To Speak
We Are Loosing It Can't You Tell?
We Scratch Our Eternal Itch
Our Twentieth Century Bitch And We Are Grateful For Our
Iron Lung
Suck Suck Your Teenage Thumb
Toilet Trained Anddumb
(Whe N The Powrr Runs Out We'll Just Humm)

This This Is Our New S=Ong
Just Like The Last One
A Total Waste Of Time
My
Iron Lung"
5XuU9htN358NTMCcqRvfDV,Bullet Proof ... I Wish I Was,The Bends,35UJLpClj5EDrhpNIi4DFg,['Radiohead'],['4Z8W4fKeB5YxbusRsdQVPb'],9,1,False,0.45,0.359,7,-13.559,1,0.0289,0.7759999999999999,0.6759999999999999,0.0753,0.0776,80.915,208733,4.0,1995,1995-03-13,"limb by limb and tooth by tooth
tearing up inside of me
everyday everyhour wish that i
was bullet proof.

wax me
mould me heat the pins
and stab them in you have turned me into this
just wish that it
was bullet proof.

so pay me money and take a shot
lead-fill
the hole in me

i could burst a million bubbles
all
surrogate
&
bullet proof."
6UO72VSXEONxdfLyABihs9,Black Star,The Bends,35UJLpClj5EDrhpNIi4DFg,['Radiohead'],['4Z8W4fKeB5YxbusRsdQVPb'],10,1,False,0.289,0.555,7,-7.434,1,0.0402,0.00312,0.0496,0.27,0.306,158.671,247040,4.0,1995,1995-03-13,"I Get Home From Work And You're Still Standing In Your Dressing
Gown
Well What Am I To Do?
I Know All The Things Around Your Head And What They Do To
You
What Are We Coming To?
What Are We Gonna Do?
Blame It On The Black Star
Blame It On The Falling Sky
Blame It On The Satellite That Beams Me Home
The Troubled Words Of A Troubled Mind I Try To Understand
What Is Eating You
I Try To Stay Awake But Its 58hrs Since That I Last Slept With

You
What Are We Coming To?
I Just Don't Know Anymore
I Get On The Train And I Just Stand About Now That I Don't Think
Of You
I Keep Falling Over I Keep Passing Out
When I See A Face Like You
What Am I Coming To?
Im Gonna Melt Down"
1elQc2QcyuBkI8FUIbNvcy,Sulk,The Bends,35UJLpClj5EDrhpNIi4DFg,['Radiohead'],['4Z8W4fKeB5YxbusRsdQVPb'],11,1,False,0.105,0.635,7,-7.4,1,0.0455,0.00403,0.24,0.106,0.6709999999999999,191.805,222960,3.0,1995,1995-03-13,"you bite
through
the big wall
the big wall
bites back
you sit there
and
sulk
sit there and
bawl
you are so pretty
when youre
on your
knees

disinfected
eager
to please

sometimes
you sulk
sometimes
you burn
god rest
your soul
when the
loving comes
and we've
already gone
just like
your dad
you'll never
change

each time it
comes
it eats me
alive
i try to
behave
but it eats me
alive
so i declare
a holiday
fall asleep
drift away."
2QwObYJWyJTiozvs0RI7CF,Street Spirit (Fade Out),The Bends,35UJLpClj5EDrhpNIi4DFg,['Radiohead'],['4Z8W4fKeB5YxbusRsdQVPb'],12,1,False,0.488,0.4539999999999999,4,-11.544,0,0.0304,0.317,0.6940000000000001,0.179,0.131,138.076,253853,4.0,1995,1995-03-13,"Rows of houses, all bearing down on me
I can feel their blue hands touching me
All these things into position
All these things we'll one day swallow whole
And fade out again and fade out

This machine will, will not communicate
These thoughts and the strain I am under
Be a world child, form a circle
Before we all go under
And fade out again and fade out again

Cracked eggs, dead birds
Scream as they fight for life
I can feel death, can see its beady eyes
All these things into position
All these things we'll one day swallow whole
And fade out again and fade out again

Immerse your soul in love
Immerse your soul in love"
2kRFrWaLWiKq48YYVdGcm8,Everything In Its Right Place,Kid A,6GjwtEZcfenmOf6l18N7T7,['Radiohead'],['4Z8W4fKeB5YxbusRsdQVPb'],1,1,False,0.296,0.4629999999999999,5,-11.412,0,0.0449,0.705,0.0482,0.0954,0.0629,123.943,251427,5.0,2000,2000-10-02,"(Kid A, Kid A)
(Kid A, Kid A)

Everything
Everything
Everything
Everything
In its right place
In its right place
In its right place
In its right place

Yesterday I woke up sucking a lemon
Yesterday I woke up sucking a lemon
Yesterday I woke up sucking a lemon
Yesterday I woke up sucking a lemon

Everything
Everything
Everything
In its right place
In its right place
In its right place
Right place

There are two colours in my head
There are two colours in my head
What, what is that you tried to say?
What, what was that you tried to say?
Tried to say, tried to say
Tried to say, tried to say

Everything
Everything

Everything
Everything"
3QDahKSqLwYJYQRbILdzS6,Kid A,Kid A,6GjwtEZcfenmOf6l18N7T7,['Radiohead'],['4Z8W4fKeB5YxbusRsdQVPb'],2,1,False,0.63,0.428,5,-15.52,1,0.0358,0.262,0.852,0.278,0.159,112.923,284507,4.0,2000,2000-10-02,"I slip away
I slipped on a little white lie

We've got heads on sticks
And you've got ventriloquists
We've got heads on sticks
And you've got ventriloquists

Standing in the shadows at the end of my bed
Standing in the shadows at the end of my bed
Standing in the shadows at the end of my bed
Standing in the shadows at the end of my bed

The rats and the children will follow me out of town
Rats and children follow me out of town

Come on, kids"
4Wgj6jzoI2gYlumXdYAB8U,The National Anthem,Kid A,6GjwtEZcfenmOf6l18N7T7,['Radiohead'],['4Z8W4fKeB5YxbusRsdQVPb'],3,1,False,0.488,0.754,2,-8.552,1,0.0378,0.00237,0.851,0.2239999999999999,0.3879999999999999,91.517,351693,4.0,2000,2000-10-02,"Everyone
Everyone around here
Everyone is so near
It's holding on
It's holding on

Everyone
Everyone is so near
Everyone has got the fear
It's holding on
It's holding on

It's holding on
It's holding on
It's holding on

Smile"
2rtGaCAeYtmcIvuZsvgTf6,How to Disappear Completely,Kid A,6GjwtEZcfenmOf6l18N7T7,['Radiohead'],['4Z8W4fKeB5YxbusRsdQVPb'],4,1,False,0.1669999999999999,0.302,6,-11.644,0,0.0345,0.316,0.797,0.11,0.19,102.026,356333,4.0,2000,2000-10-02,"That there, that's not me
I go where I please
I walk through walls
I float down the Liffey

I'm not here
This isn't happening
I'm not here
I'm not here

In a little while
I'll be gone
The moment's already passed
Yeah, it's gone

And I'm not here

This isn't happening
I'm not here
I'm not here

Strobe lights and blown speakers
Fireworks and hurricanes

I'm not here
This isn't happening
I'm not here
I'm not here"
4LrfsgQ5AGouvH3PlxW2PC,Treefingers,Kid A,6GjwtEZcfenmOf6l18N7T7,['Radiohead'],['4Z8W4fKeB5YxbusRsdQVPb'],5,1,False,0.165,0.146,6,-21.357,1,0.0362,0.8270000000000001,0.887,0.109,0.0577,134.50799999999998,222600,3.0,2000,2000-10-02,
1FoUsSi9BCTlNt2Vd7V8XA,Optimistic,Kid A,6GjwtEZcfenmOf6l18N7T7,['Radiohead'],['4Z8W4fKeB5YxbusRsdQVPb'],6,1,False,0.402,0.757,7,-9.931,0,0.0371,0.0496,0.846,0.305,0.573,157.96,315973,4.0,2000,2000-10-02,"Flies are buzzing 'round my head
Vultures circling the dead
Picking up every last crumb
The big fish eat the little ones
The big fish eat the little ones
Not my problem, give me some

You can try the best you can
You can try the best you can
The best you can is good enough
You can try the best you can
You can try the best you can
The best you can is good enough

This one's optimistic
This one went to market

This one just came out of the swamp
This one drops a payload
Fodder for the animals
Living on an animal farm

You can try the best you can
You can try the best you can
The best you can is good enough
You can try the best you can
You can try the best you can
The best you can is good enough

I'd really like to help you, man
I'd really like to help you, man
Nervous messed up marionette
Float around on a prison ship

You can try the best you can

You can try the best you can
The best you can is good enough
You can try the best you can
You can try the best you can
Dinosaurs roaming the earth
Dinosaurs roaming the earth
Dinosaurs roaming the earth"
0xivCtzVVrdeq32s8EnOO6,In Limbo,Kid A,6GjwtEZcfenmOf6l18N7T7,['Radiohead'],['4Z8W4fKeB5YxbusRsdQVPb'],7,1,False,0.366,0.635,0,-10.544,1,0.032,0.675,0.8190000000000001,0.135,0.509,88.949,211000,4.0,2000,2000-10-02,"Lundy, Fastnet, Irish Sea
I got a message I can't read
Another message I can't read
Lundy, Fastnet, Irish Sea
I got a message I can't read
Another message I can't read

I'm on your side
Nowhere to hide
Trapdoors that open
I spiral down

You're living in a fantasy world
You're living in a fantasy world

I'm lost at sea

Don't bother me
I've lost my way
I've lost my way

You're living in a fantasy world
You're living in a fantasy world
You're living in a fantasy world
The most beautiful woman in the world

Come back
Lundy, Fastnet, Irish Sea
Another message I can't read
Lundy, Fastnet, Irish Sea
Come back
Another message I can't read
Another message I can't read
Another message I can't read
Come back

Another message I can't read
Another message I can't read
Another message I can't read
Come back"
1W5XugQJGhnSATMI5n002M,Idioteque,Kid A,6GjwtEZcfenmOf6l18N7T7,['Radiohead'],['4Z8W4fKeB5YxbusRsdQVPb'],8,1,False,0.615,0.931,3,-7.8,1,0.273,0.0352,2.23e-05,0.0915,0.525,137.54399999999998,309093,3.0,2000,2000-10-02,"Who's in a bunker? Who's in a bunker?
Women and children first
And the children first, and the children
I'll laugh until my head comes off
I'll swallow until I burst
Until I burst, until I
Who's in a bunker? Who's in a bunker?
I have seen too much
I haven't seen enough, you haven't seen it
I'll laugh until my head comes off
Women and children first
And children first, and children

Here I'm allowed
Everything all of the time
Here I'm allowed

Everything all of the time

Ice Age coming, Ice Age coming
Let me hear both sides
Let me hear both sides, let me hear both
Ice Age coming, Ice Age coming
Throw it in the fire
Throw it in the fire, throw it on the
We're not scaremongering
This is really happening, happening
We're not scaremongering
This is really happening, happening
Mobiles skwerking, mobiles chirping
Take the money and run
Take our money and run, take our money

Here I'm allowed
Everything all of the time

Here I'm allowed
Everything all of the time
Here I'm allowed
Everything all of the time
Here I'm allowed
Everything all of the time

(-n first) (And the childre-) (-n first) (And the childre-)
(-n first) (And the childre-) (-n first) (And the ch-) (first)
(-n first) (And the childre-) (-n first) (And the childre-)
(-n first) (And the childre-) (-n first) (And the ch-) (first)
(-n first) (And the childre-) (-n first) (And the childre-)
(-n first) (And the childre-) (-n first) (And the ch-) (first)

(-n first) (And the childre-) (-n first) (And the childre-)"
4h37RgtBg9iynN3BIL5lFU,Morning Bell,Kid A,6GjwtEZcfenmOf6l18N7T7,['Radiohead'],['4Z8W4fKeB5YxbusRsdQVPb'],9,1,False,0.6459999999999999,0.462,2,-12.124,1,0.0319,0.7190000000000001,0.291,0.34,0.392,142.13299999999995,275800,5.0,2000,2000-10-02,"The morning bell
The morning bell
Had a null encounter
Release me
Release me

You can keep the furniture
A bump on the head
Howling down the chimney
Release me
Release me
Please
Release me
Release me

Where'd you park the car
Where'd you park the car
Clothes are all alone with the furniture
Now I might as well
I might as well

Sleepy jack the fire drill
Running around around around...

Cut the kids in half
Cut the kids in half
Cut the kids in half

I wanted to tell you but you never listened
You never understand
I wanted to tell you but you never listened
You never understand
Cos I'm walking walking walking...

The lights are on but nobody's home
Everybody wants to be a
The lights are on but nobody's home
Everybody wants to be a singer
Walking walking walking...

The lights are on but nobody's at home
Everybody wants to be a
Everyone wants to be a friend
Nobody wants to be a singer
Walking walking walking..."
4SrRrB27n7fiRkQcPoKfpk,Motion Picture Soundtrack,Kid A,6GjwtEZcfenmOf6l18N7T7,['Radiohead'],['4Z8W4fKeB5YxbusRsdQVPb'],10,1,False,0.1119999999999999,0.13,7,-16.128,1,0.0347,0.921,0.706,0.13,0.0427,90.835,200483,4.0,2000,2000-10-02,"Red wine and sleeping pills
Help me get back to your arms
Cheap sex and sad films
Help me get where I belong

I think you're crazy, maybe
I think you're crazy, maybe

Stop sending letters
Letters always get burned
It's not like the movies
They fed us on little white lies

I think you're crazy, maybe
I think you're crazy, maybe

I will see you in the next life"
4aeCuOowYXJXrMZsVHZbfF,Untitled,Kid A,6GjwtEZcfenmOf6l18N7T7,['Radiohead'],['4Z8W4fKeB5YxbusRsdQVPb'],11,1,False,0.369,0.225,7,-16.340999999999998,1,0.0654,0.992,0.813,0.106,0.0769,64.655,52695,3.0,2000,2000-10-02,
0tDn82XkoueVV5q9G7OUAv,Packt Like Sardines In a Crushd Tin Box,Amnesiac,1HrMmB5useeZ0F5lHrMvl0,['Radiohead'],['4Z8W4fKeB5YxbusRsdQVPb'],1,1,False,0.6659999999999999,0.638,0,-12.715,1,0.0385,0.731,0.8590000000000001,0.0933,0.65,124.618,240333,4.0,2001,2001-03-12,"After years of waiting
Nothing came
As your life flashed before your eyes
You realize

I'm a reasonable man
Get off, get off, get off my case
I'm a reasonable man
Get off my case, get off my case
After years of waiting

After years of waiting
Nothing came
And you realize you're looking in
Looking in the wrong place

I'm a reasonable man
Get off my case, get off my case
I'm a reasonable man
Get off my case, get off my case, get off my case
I'm a reasonable man
Get off my case, get off my case, get off my case

After years of waiting

I'm a reasonable man
Get off my case, get off my case, get off my case
I'm a reasonable man
Get off my case, get off my case, get off my case
I'm a reasonable man
Get off my case, get off my case, get off my case
I'm a reasonable man
Get off my case, get off my case, get off my case"
55q3Ro66yXWi9rsEddeEN4,Pyramid Song,Amnesiac,1HrMmB5useeZ0F5lHrMvl0,['Radiohead'],['4Z8W4fKeB5YxbusRsdQVPb'],2,1,False,0.12,0.336,11,-8.298,0,0.0352,0.7859999999999999,0.4039999999999999,0.111,0.0679,72.64,288733,4.0,2001,2001-03-12,"I jumped in the river and what did I see?
Black-eyed angels swam with me
A moon full of stars and astral cars
And all the figures I used to see
All my lovers were there with me
All my past and futures
And we all went to heaven in a little row boat
There was nothing to fear and nothing to doubt

I jumped into the river
Black-eyed angels swam with me
A moon full of stars and astral cars
And all the figures I used to see
All my lovers were there with me
All my past and futures
And we all went to heaven in a little row boat

There was nothing to fear and nothing to doubt
There was nothing to fear and nothing to doubt
There was nothing to fear and nothing to doubt"
6AIq6WIkWBoRUb6kTVY8yU,Pulk/Pull Revolving Doors,Amnesiac,1HrMmB5useeZ0F5lHrMvl0,['Radiohead'],['4Z8W4fKeB5YxbusRsdQVPb'],3,1,False,0.58,0.625,10,-12.073,0,0.0896,5.460000000000001e-05,0.725,0.1,0.141,97.044,247267,4.0,2001,2001-03-12,
7Hg6a7tZsVTkXnBUepjZU6,You And Whose Army?,Amnesiac,1HrMmB5useeZ0F5lHrMvl0,['Radiohead'],['4Z8W4fKeB5YxbusRsdQVPb'],4,1,False,0.295,0.15,1,-10.244000000000002,0,0.0325,0.794,0.205,0.103,0.131,137.504,191000,4.0,2001,2001-03-12,"Come on, come on
You think you drive me crazy?
Well, come on, come on

You and whose army?
You and your cronies

Come on, come on
Holy Roman Empire
Come on if you think
Come on if you think
You can take us on
You can take us on

You and whose army?
You and your cronies

You forget so easy
We ride tonight
We ride tonight
Ghost horses
Ghost horses
We ride tonight
We ride tonight
Ghost horses
Ghost horses
Ghost horses"
5JZ1jTanqLWVuThmZ6XRAc,I Might Be Wrong,Amnesiac,1HrMmB5useeZ0F5lHrMvl0,['Radiohead'],['4Z8W4fKeB5YxbusRsdQVPb'],5,1,False,0.602,0.735,7,-8.321,0,0.0254,0.261,0.794,0.11,0.505,102.895,293773,4.0,2001,2001-03-12,"I might be wrong, I might be wrong
I could have sworn I saw a light coming on
I used to think, I used to think
There was no future left at all
I used to think

Open up, begin again

Let's go down the waterfall
Think about the good times and never look back
Never look back

What would I do?
What would I do?
If I did not have you?

Open up and let me in

Let's go down the waterfall
Have ourselves a good time, it's nothing at all
It's nothing at all, nothing at all

Keep it moving
Keep it moving"
521OhfIeThXJKiTyz0m883,Knives Out,Amnesiac,1HrMmB5useeZ0F5lHrMvl0,['Radiohead'],['4Z8W4fKeB5YxbusRsdQVPb'],6,1,False,0.4320000000000001,0.675,2,-6.702000000000001,0,0.0337,0.091,0.287,0.159,0.184,137.262,254867,4.0,2001,2001-03-12,"I want you to know he's not coming back
Look into my eyes, I'm not coming back

So knives out, catch the mouse
Don't look down, shove it in your mouth

If you'd been a dog, they would have drowned you at birth
Look into my eyes
It's the only way you'll know I'm telling the truth

So knives out, cook him up
Squash his head, put him in the pot

I want you to know he's not coming back

He's bloated and frozen
Still there's no point in letting it go to waste

So knives out, catch the mouse
Squash his head, put him in the pot"
09rXQjOX61UGL36z76q8OS,Morning Bell/Amnesiac,Amnesiac,1HrMmB5useeZ0F5lHrMvl0,['Radiohead'],['4Z8W4fKeB5YxbusRsdQVPb'],7,1,False,0.319,0.421,2,-6.23,1,0.0322,0.7120000000000001,0.0495,0.0956,0.182,61.709,194267,4.0,2001,2001-03-12,
0kSDNLOdJqpGhV2vtVFWmS,Dollars and Cents,Amnesiac,1HrMmB5useeZ0F5lHrMvl0,['Radiohead'],['4Z8W4fKeB5YxbusRsdQVPb'],8,1,False,0.327,0.565,7,-7.303,1,0.0306,0.395,0.247,0.1119999999999999,0.0883,138.308,291733,4.0,2001,2001-03-12,"There are better things to talk about
Be constructive
There are weapons we can use
Be constructive
With your blues
Even when it's only warnings
Even when you talk the war games

Oh Why don't you quiet down?
(Maybe I want peace and honesty)
Why don't you quiet down?
(Maybe I want to live in the children's land
And you know maybe, maybe I)
Why don't you quiet down?
(Maybe I'll wander the promised land
I want peace and honesty)
Why don't you quiet down?
(I want to live in the promised land
And maybe wander the children's land)
Quiet down! (Yeah, and there, there we can free)

You don't live in a business world and
You never go out and you never stay
We won our goals in a liberal world
Living in times when I could stand it, babe
All over, baby's crying
It'll all be, baby, I can see out of here
All over the planet's dead
All over the planet, so let me out of here
All over the, all over the, all over the, all over the

(Quiet down)
We are the dollars and cents and the pounds and pence
And the mark and the yen, and yeah
(Why don't you quiet down?)
We're gonna crack your little souls
We're gonna crack your little souls
(Why don't you quiet down?)
We are the dollars and cents and the pounds and pence
And the pounds and pence, and yeah
(Why don't you quiet down?)
We're gonna crack your little souls
Crack your little souls
We are the dollars and cents"
3LpAIBGaRKXqgDzEV25Bh7,Hunting Bears,Amnesiac,1HrMmB5useeZ0F5lHrMvl0,['Radiohead'],['4Z8W4fKeB5YxbusRsdQVPb'],9,1,False,0.295,0.264,7,-12.203,1,0.0432,0.853,0.926,0.0962,0.0736,143.191,121200,3.0,2001,2001-03-12,
1irS6wtXCUUF5ytfPqOzpM,Like Spinning Plates,Amnesiac,1HrMmB5useeZ0F5lHrMvl0,['Radiohead'],['4Z8W4fKeB5YxbusRsdQVPb'],10,1,False,0.4920000000000001,0.409,1,-13.303,0,0.0646,0.711,0.906,0.23,0.218,138.472,237467,4.0,2001,2001-03-12,"While you make pretty speeches
I'm being cut to shreds
You feed me to the lions
A delicate balance

When this just feels like
Spinning plates
I'm living in Cloud Cuckoo Land
And this just feels like
Spinning plates
My body's floating down the muddy river"
5xJc58mBWz68WhwU2n5seR,Life In a Glasshouse,Amnesiac,1HrMmB5useeZ0F5lHrMvl0,['Radiohead'],['4Z8W4fKeB5YxbusRsdQVPb'],11,1,False,0.252,0.397,7,-7.619,0,0.0364,0.728,0.0404,0.1159999999999999,0.0466,123.924,276693,4.0,2001,2001-03-12,
4xkcGfpM9RwB4IiQ7yx2dB,2 + 2 = 5,Hail To the Thief,5mzoI3VH0ZWk1pLFR6RoYy,['Radiohead'],['4Z8W4fKeB5YxbusRsdQVPb'],1,1,False,0.442,0.7170000000000001,5,-5.4979999999999976,0,0.0504,0.178,5.1e-05,0.344,0.386,149.582,199360,4.0,2003,2003-06-09,"(We're on. Thats a nice way to start Jonny)

Are you such a dreamer
To put the world to rights?
I'll stay home forever
Where two and two always makes a five

I'll lay down the tracks
Sandbag and hide
January has April's showers
And two and two always makes a five

Its the devil's way now
There is no way out
You can SCREAM and you can shout
It is too late now

Because...
You have not been!

Payin' attention
Payin' attention
Payin' attention
Payin' attention
You have not been paying attention

Payin' attention
Payin' attention
Payin' attention
You have not been paying attention

Payin' attention
Payin' attention
Payin' attention

You have not been paying attention

Payin' attention
Payin' attention
Payin' attention oohh

I try to sing along
But I get it all wrong
'Cause I?m not
'Cause I?m not

I swat 'em like flies but like flies the buggers keep coming back NOT
But I?m not

All hail to the thief
All hail to the thief

But I'm not
But I'm not
But I'm not
But I'm not

Don't question my authority or put me in the box
'Cause I'm not
'Cause I'm not

Oh go and tell the king that the sky is falling in

When it's not
But it's not
But it's not
Maybe not
Maybe not"
6MKWCO8g2W05UcaFyfQ6Cl,Sit Down. Stand Up,Hail To the Thief,5mzoI3VH0ZWk1pLFR6RoYy,['Radiohead'],['4Z8W4fKeB5YxbusRsdQVPb'],2,1,False,0.484,0.5589999999999999,5,-7.434,0,0.0401,0.0161,0.502,0.0562,0.522,161.055,259973,4.0,2003,2003-06-09,"Sit Down, Stand Up
Sit Down, Stand Up

Walk Into The Jaws Of Hell (Sit Down, Stand Up)
Walk Into The Jaws Of Hell (Sit Down, Stand Up)
Anytime (Sit Down)
Anytime (Stand Up)

Sit Down, Stand Up
Sit Down, Stand Up

We Can Wipe You Out Anytime (Sit Down, Stand Up)
We Can Wipe You Out (Sit Down, Stand Up)
Anytime
Anytime

Stand Up, Sit Down

The Rain Drops"
7tFsUfrmyBvLdvIByreecz,Sail To The Moon,Hail To the Thief,5mzoI3VH0ZWk1pLFR6RoYy,['Radiohead'],['4Z8W4fKeB5YxbusRsdQVPb'],3,1,False,0.371,0.295,9,-10.952,0,0.0315,0.797,0.552,0.0977,0.0536,111.914,258360,4.0,2003,2003-06-09,"I sucked the moon
I spoke too soon
And how much did it cost
I was dropped from
The moonbeam
And sailed on shooting stars

Maybe you'll
Be president
But know right from wrong
Or in the flood
You'll build an Ark

And sail us to the moon
Sail us to the moon
Sail us to the moon

Sail us to the moon"
32dgxT0S7Tv5p83DgT6iCT,Backdrifts,Hail To the Thief,5mzoI3VH0ZWk1pLFR6RoYy,['Radiohead'],['4Z8W4fKeB5YxbusRsdQVPb'],4,1,False,0.718,0.7190000000000001,11,-10.059,1,0.0789,0.6459999999999999,0.297,0.108,0.725,93.065,322600,4.0,2003,2003-06-09,"We're rotten fruit
We're damaged goods
What the hell we've got nothing more to lose
One gust and we will probably crumble
We're backdrifters

This far but no further
I'm hanging off a branch
I'm teetering on the brink
Oh! honey sweet
So full of sleep
I'm backsliding

You fell into our arms
You fell into our arms
We tried hard but there was nothing we could do

Nothing we could do

All evidence has been buried
All tapes have been erased
But your footsteps give you away
So you're backtracking

Ah ah ah
You fell into our arms
You fell into our arms
We tried hard but there was nothing we could do
Nothing we could do
You fell into our, ah
You fell into a

We're rotten fruit
We're damaged goods
What the hell, we've got nothing more to lose

One gust and we will probably crumble
We're backdrifters"
42BeMThJuzIQe1oQvhDwgl,Go To Sleep,Hail To the Thief,5mzoI3VH0ZWk1pLFR6RoYy,['Radiohead'],['4Z8W4fKeB5YxbusRsdQVPb'],5,1,False,0.288,0.86,2,-6.311,0,0.0393,0.103,0.000399,0.102,0.66,161.196,201507,4.0,2003,2003-06-09,"Something For The Rag And Bone Man
Over My Dead Body
Something Big Is Gonna Happen
Over My Dead Body

Someone's Son Or Someone's Daughter
Over My Dead Body
This Is How I End Up Getting Sucked In
Over My Dead Body

I'm Gonna Go To Sleep
Let This Wash All Over Me

We Don't Wanna Wake Monster Taking Over
Tiptoe Round Tie Him Down
We Don't Want The Loonies Taking Over

Tiptoe Round Tie Them Down

May Pretty Horses
Come To You
As You Sleep
I'm Gonna Go To Sleep
Let This Wash
All Over Me"
2dDqsUr11Mv0qhXByNfbJx,Where I End and You Begin,Hail To the Thief,5mzoI3VH0ZWk1pLFR6RoYy,['Radiohead'],['4Z8W4fKeB5YxbusRsdQVPb'],6,1,False,0.298,0.713,8,-7.8610000000000015,1,0.0352,0.0627,0.8590000000000001,0.142,0.48,121.309,269293,4.0,2003,2003-06-09,"There's a gap in between
There's a gap where we meet
Where I end and you begin

And I'm sorry for us
The dinosaurs roam the earth
The sky turns green
Where I end and you begin

I am up in the clouds
I am up in the clouds
And I can't and I can't come down

I can watch but not take part
Where I end and where you start
Where you, you left me alone

You left me alone

X will now mark the place
Like the parting of the waves
Like a house falling into the sea
Into the sea

I will eat you all alive
I will eat you all alive
I will eat you all alive
I will eat you all alive

There'll be no more lies
There'll be no more lies
There'll be no more lies
There'll be no more lies

I will eat you all alive

I will eat you all alive
I will eat you all alive
I will eat you all alive

and Theres be no more lies
Theres be no more lies
Theres be no more lies
Theres be no more lies

I will eat you all alive
I will eat you all alive
I will eat you all alive
I will eat you all alive"
0dco6ZSO8vnL2fHRi10XSY,We Suck Young Blood,Hail To the Thief,5mzoI3VH0ZWk1pLFR6RoYy,['Radiohead'],['4Z8W4fKeB5YxbusRsdQVPb'],7,1,False,0.1639999999999999,0.239,3,-11.075,0,0.0304,0.878,0.0292,0.105,0.0378,76.72,296707,4.0,2003,2003-06-09,"Are You Hungry?
Are You Sick?
Are You Begging For A Break?

Are You Sweet?
Are You Fresh?
Are You Strung Up By The Wrists?

We Want The Young Blood

Are You Fracturing?
Are You Torn At The Seams?
Would You Do Anything?
Flea-Bitten? Motheaten?

We Suck Young Blood

We Suck Young Blood

Won't Let The Creeping Ivy
Won't Let The Nervous Bury Me
Our Veins Are Thin
Our Rivers Poisoned

We Want The Sweet Meats
We Want The Young Blood"
3qhLTNphwAepIyHJF9ZMv0,The Gloaming,Hail To the Thief,5mzoI3VH0ZWk1pLFR6RoYy,['Radiohead'],['4Z8W4fKeB5YxbusRsdQVPb'],8,1,False,0.345,0.609,4,-13.37,0,0.3429999999999999,0.106,0.1009999999999999,0.382,0.115,200.127,212027,3.0,2003,2003-06-09,"Genie let out the bottle
It is now the witching hour
Genie let out the bottle
It is now the witching hour

Murderers you're murderers
We are not the same as you

Genie let out the bottle
Funny haha funny how

When the walls bend
When the walls bend
With your breathing
With your breathing

When the walls bend
When the walls bend
With your breathing
With your breathing
With your breathing

They will suck you down
To the otherside
They will suck you down
To the otherside
They will suck you down
To the otherside
They will suck you down
To the otherside

To the shadows blue and red
To the shadows blue and red
Your alarm bells
Your alarm bells

To the shadows blue and red
To the shadows blue and red
Your alarm bells
Your alarm bells

Should be ringing

This is the gloaming"
5h4y42RUKwYKYWgutNwvKP,"There, There",Hail To the Thief,5mzoI3VH0ZWk1pLFR6RoYy,['Radiohead'],['4Z8W4fKeB5YxbusRsdQVPb'],9,1,False,0.614,0.677,9,-8.317,0,0.0323,0.0193,0.52,0.108,0.716,126.482,323600,4.0,2003,2003-06-09,"In Pitch Dark I Go Walking In Your Landscape.
Broken Branches Trip Me As I Speak.
Just Because You Feel It Doesn't Mean It's There.
Just Because You Feel It Doesn't Mean It's There.

There's Always A Siren
Singing You To Shipwreck.
(Don't Reach Out, Don't Reach Out)
Steer Away From These Rocks
We'd Be A Walking Disaster.
(Don't Reach Out, Don't Reach Out)

Just Because You Feel It Doesn't Mean It's There.
(There's Someone On Your Shoulder)
Just Because You Feel It Doesn't Mean It's There.
(There's Someone On Your Shoulder)

There There
Why So Green And Lonely?
Heaven Sent You To Me.

We Are Accidents
Waiting Waiting To Happen.

We Are Accidents
Waiting Waiting To Happen."
6GMGuW9ne8D3CvjkJoKJeg,I Will,Hail To the Thief,5mzoI3VH0ZWk1pLFR6RoYy,['Radiohead'],['4Z8W4fKeB5YxbusRsdQVPb'],10,1,False,0.27,0.133,1,-14.06,0,0.0329,0.946,0.000131,0.113,0.1669999999999999,74.908,119467,4.0,2003,2003-06-09,"I Will
Lay Me Down
In A Bunker
Underground

I Won't Let This Happen To My Children
Meet The Real World Coming Out Of Your Shell
With White Elephants
Sitting Ducks
I Will
Rise Up

Little Babies' Eyes, Eyes, Eyes, Eyes
Little Babies' Eyes, Eyes, Eyes, Eyes
Little Babies' Eyes, Eyes, Eyes, Eyes
Little Babies' Eyes, Eyes, Eyes, Eyes, Eyes, Eyes"
5kDi4uwQnHM920ElxNdzUO,A Punch Up at a Wedding,Hail To the Thief,5mzoI3VH0ZWk1pLFR6RoYy,['Radiohead'],['4Z8W4fKeB5YxbusRsdQVPb'],11,1,True,0.604,0.507,11,-9.967,0,0.0268,0.0776,0.054,0.0919,0.562,79.039,297333,4.0,2003,2003-06-09,"No No No No No No No No No No No No No No No No
I Don't Know Why You Bother
Nothing's Ever Good Enough For You
I Was There And It Wasn't Like That
You Came Here Just To Start A Fight

You Had To Piss On Our Parade
You Had To Shred Our Big Day
You Had To Ruin It For All Concerned
In A Drunken Punchup At A Wedding.

Hypocrite Opportunist
Don't Infect Me With Your Poison
A Bully In A China Shop
When I Turn Round Stay Frozen To The Spot.

You Had To Piss On Our Parade
You Had To Shred Our Big Day
You Had To Ruin It For All Concerned
In A Drunken Punchup At A Wedding.

The Pointless Snide Remarks
Of Hammer Headed Sharks
The Pot Will Call The Kettle Black

In A Drunken Punchup At A Wedding.
No No No No No No No No No No No No No No No No"
3MW7yZK3kKtjsmJpsvBwyf,Myxomatosis,Hail To the Thief,5mzoI3VH0ZWk1pLFR6RoYy,['Radiohead'],['4Z8W4fKeB5YxbusRsdQVPb'],12,1,True,0.498,0.816,7,-7.079,1,0.0361,0.00018,0.7190000000000001,0.299,0.5710000000000001,99.124,232533,4.0,2003,2003-06-09,"the mongrel cat came home
holding half a head
Proceeded to show it off
to all his new found friends
he said ""i been where i liked
i slept with who i liked
she ate me up for breakfast
and screwed me in a vice

and now i don't know why
i feel so tongue-tied""

i sat in the cupboard
and wrote it down in neat
they were cheering and waving
cheering and waving
twitching and salivating like with myxomatosis
but it got edited fucked up
strangled, beaten up
used as a photo in Time magazine
buried in a burning black hole in Devon

""i don't know why
i feel so tongue-tied

don't know why
i feel so skinned alive.""

My thoughts are misguided and a little naive
I twitch and i salivate like with myxomatosis
you should put me in a home or you should put me down
I got myxomatosis
I got myxomatosis

""now no one likes a smart arse but we all like stars""
that wasn't my intention, I did it for a reason
it must have got mixed up
strangled, beaten up
i got myxomatosis
i got myxomatosis

""i don't know why
i feel so tongue-tied"""
0mEOPRobXw671f2H68XzoB,Scatterbrain,Hail To the Thief,5mzoI3VH0ZWk1pLFR6RoYy,['Radiohead'],['4Z8W4fKeB5YxbusRsdQVPb'],13,1,False,0.491,0.753,7,-8.62,1,0.0314,0.0316,0.0587,0.0617,0.2339999999999999,126.142,201707,4.0,2003,2003-06-09,"I'm Walking Out In A Force Ten Gale.
Birds Thrown Around, Bullets For Hail.
The Roof Is Pulling Off By Its Fingernails.
Your Voice Is Rapping On My Windowsill

Yesterday's Headlines Blown By The Wind.
Yesterday's People End Up Scatterbrain.
Then Any Fool Can Easy Pick A Hole. (I Only Wish I Could Fall In)
A Moving Target In A Firing Range.

Somewhere I'm Not
Scatterbrain.
Somewhere I'm Not
Scatterbrain.
Lightning Fuse

Powercut.
Scatterbrain"
3OHevW2cUT176DXWV0lHg9,A Wolf At the Door,Hail To the Thief,5mzoI3VH0ZWk1pLFR6RoYy,['Radiohead'],['4Z8W4fKeB5YxbusRsdQVPb'],14,1,True,0.423,0.675,7,-7.134,1,0.0303,0.265,4.21e-06,0.235,0.364,69.27,201333,3.0,2003,2003-06-09,"Drag Him Out The Window
Dragging Out Your Dead
Singing I Miss You
Snakes And Ladders
Flip The Lid
Out Pops The Cracker
Smacks You In The Head
Knifes You In The Neck
Kicks You In The Teeth
Steel Toe Caps
Takes All Your Credit Cards
Step Up Get The Gunge
Get The Eggs
Get The Flan In The Face
The Flan In The Face
The Flan In The Face

Dance You Fucker Dance You Fucker
Don't You Dare
Don't You Dare
Don't You Flan In The Face
Take It With The Love Its Given
Take It With A Pinch Of Salt
Take It To The Taxman
Let Me Back Let Me Back
I Promise To Be Good
Don't Look In The Mirror
At The Face You Don't Recognize
Help Me Call The Doctor
Put Me Inside
Put Me Inside
Put Me Inside
Put Me Inside
Put Me Inside

I Keep The Wolf From The Door
But He Calls Me Up
Calls Me On The Phone
Tells Me All The Ways That He's Gonna Mess Me Up
Steal All My Children
If I Don't Pay The Ransom
But I'll Never See Him Again
If I Squeal To The Cops

Walking Like A Giant Crane And
With My X Ray Eyes I Strip You Naked
In A Tight Little World And Are You On The List?
Stepford Wives Who Are We To Complain?
Investments And Dealers Investments And Dealers
Cold Wives And Mistresses.
Cold Wives And Sunday Papers.
City Boys In 1st Class
Don't Know We're Born

Just Know Someone Else Is Gonna Come And Clean It Up
Born And Raised For The Job
Oh I Wish You'd Get Up
Go Over Get Up Go Over And Turn This Tape Off."
7c378mlmubSu7NGkLFa4sN,Airbag,OK Computer,6dVIqQ8qmQ5GBnJ9shOYGE,['Radiohead'],['4Z8W4fKeB5YxbusRsdQVPb'],1,1,False,0.305,0.872,2,-7.313,1,0.0503,0.0078599999999999,0.8,0.261,0.648,167.959,287880,4.0,1997,1997-05-28,"In The Next World War
In A Jackknifed Juggernaut, I Am Born Again.
In The Neon Sign, Scrolling Up And Down
I Am Born Again.

In An Interstellar Burst.... I Am Back To Save The Uuuuuniverse.

In A Deep Deep Sleep, Of The Innocent
I Am Born Again.
In A Fast German Car, I'm Amazed That I Survived
An Airbag Saved My Life.

In An Interstellar Burst.... I Am Back To Save The Uuuuuniverse.
In An Interstellar Burst.... I Am Back To Save The Uuuuuniverse.

In An Interstellar Burst.... I Am Back To Save The Uuuuuniverse."
6LgJvl0Xdtc73RJ1mmpotq,Paranoid Android,OK Computer,6dVIqQ8qmQ5GBnJ9shOYGE,['Radiohead'],['4Z8W4fKeB5YxbusRsdQVPb'],2,1,False,0.251,0.848,5,-6.501,1,0.0579,0.0377,0.00591,0.0545,0.207,163.709,387213,4.0,1997,1997-05-28,"Please Could You Stop The Noises I'm Trying To Get Some Rest
From All The Unborn Chicken Voices In My Head
What's That? (My Name Is Paranoid I Am Your Android)
What's That? (My Name Is Paranoid I Am Your Android)
When I Am King You Will Be First Against The Wall
With Your Opinion Which Is Of No Consequence At All
What's That? (My Name Is Paranoid I Am Your Android)
What's That? (My Name Is Paranoid I Am Your Android)
Ambition Makes You Look Pretty Ugly
Kicking Squealing Gucci Little Piggy

You Don't Remember
You Don't Remember
Why Don't You Remember My Name?
Off With His Head Man
Off With His Head Man
Why Won't He Remember My Name? I Guess He Does
Rain Down
Rain Down
Come On Rain Down
On Me
From A Great Height
From A Great Height Height
Rain Down
Rain Down
Come On Rain Down
On Me
From A Great Height
From A Great Height Height

(Repeats 3rd Time Underneath Vocals Are:)
That's It Sir
You're Leaving
The Crackle Of Pig Skin
The Dust And The Screaming
The Yuppies Networking
The Panic The Vomit
The Panic The Vomit
God Loves His Children
God Loves His Children Yeah"
2CVV8PtUYYsux8XOzWkCP0,Subterranean Homesick Alien,OK Computer,6dVIqQ8qmQ5GBnJ9shOYGE,['Radiohead'],['4Z8W4fKeB5YxbusRsdQVPb'],3,1,False,0.312,0.595,0,-8.919,1,0.0298,0.0484,0.00139,0.103,0.337,150.502,267693,3.0,1997,1997-05-28,"THE BREATH OF THE MORNING I KEEP FORGETTING THE SMELL OF THE WARM SUMMER AIR
I LIVE IN A TOWN WHERE YOU CAN'T SMELL A THING YOU WATCH YOUR FEET FOR CRACKS
IN THE PAVEMENT UP ABOVE ALIENS HOVER MAKING HOME MOVIES FOR THE FOLKS BACK
HOME OF ALL THESE WIERD CREATURES WHO LOCK UP THEIR SPIRITS DRILL HOLES IN
THEMSELVES AND LIVE FOR THEIR SECRETS
THEY'RE ALL UPTIGHT
I WISH THAT THEY'D SWOOP DOWN IN A COUNTRY LANE LATE AT NIGHT WHEN I'M DRIVING
TAKE ME ON BOARD THEIR BEAUTIFUL SHIP SHOW ME THE WORLD AS I'D LOVE TO SEE IT
I'D TELL ALL MY FRIENDS BUT THEY'D NEVER BELIEVE THEY'D THINK THAT I'D FINALLY

LOST IT COMPLETELY I'D SHOW THEM THE STARS AND MEANING OF LIFE THEY'D SHUT
ME AWAY BUT I'D BE ALRIGHT I'M JUST UPTIGHT"
0z1o5L7HJx562xZSATcIpY,Exit Music (For A Film),OK Computer,6dVIqQ8qmQ5GBnJ9shOYGE,['Radiohead'],['4Z8W4fKeB5YxbusRsdQVPb'],4,1,False,0.293,0.276,4,-11.357,0,0.0349,0.2239999999999999,0.122,0.1669999999999999,0.195,121.603,267187,4.0,1997,1997-05-28,"Wake from your sleep
The drying of your tears today we escape we escape
Pack and get dressed before your father hears us
before all hell breaks loose
Breathe keep breathing don't lose your nerve
breathe keep breathing
I can't do this alone
Sing us a song a song to keep us warm
there's such a chill such a chill
You can laugh a spineless laugh
We hope your rules and wisdom choke you now
we are one in everlasting peace
We hope that you choke, that you choke
We hope that you choke, that you choke
We hope that you choke, that you choke"
2fuYa3Lx06QQJAm0MjztKr,Let Down,OK Computer,6dVIqQ8qmQ5GBnJ9shOYGE,['Radiohead'],['4Z8W4fKeB5YxbusRsdQVPb'],5,1,False,0.351,0.6759999999999999,9,-9.017,1,0.0313,0.000121,0.113,0.18,0.143,102.46,299560,4.0,1997,1997-05-28,"Transport
Motorways & Tramlines
Starting And Then Stopping
Taking Off & Landing
The Emptiest Of Feelings
Sentimental Drivel
Clinging Onto Bottles
When It Comes It's So So
Disappointing Let Down And Hanging Around
Crushed Like A Bug In The Ground
Let Down And Hanging Around
Shell Smashed
Juices Flowing
Wings Twitch
Legs Are Going
Don't Get Sentimental

It Always Ends Up Drivel
One Day
I Am Going To Grow Wings
A Chemical Reaction
Hysterical & Useless
Hysterical & Let Down And Hanging Around
Crushed Like A Bug In The Ground
Let Down And Hanging Around
You Know Where You Are With
You Know Where You Are With
Floor Collapses Floating Bouncing Back And One Day
You'll Know Where You Are"
63OQupATfueTdZMWTxW03A,Karma Police,OK Computer,6dVIqQ8qmQ5GBnJ9shOYGE,['Radiohead'],['4Z8W4fKeB5YxbusRsdQVPb'],6,1,False,0.36,0.501,7,-9.129,1,0.0258,0.0638,9.32e-05,0.172,0.324,74.807,264067,4.0,1997,1997-05-28,"Karma police, arrest this man, he talks in maths
He buzzes like a fridge, he's like a detuned radio

Karma police, arrest this girl, her Hitler hairdo
Is making me feel ill and we have crashed her party

This is what you get
This is what you get
This is what you get
When you mess with us

Karma police, I've given all I can, it's not enough
I've given all I can, but we're still on the payroll

This is what you get
This is what you get
This is what you get
When you mess with us

For a minute there
I lost myself, I lost myself
Phew, for a minute there
I lost myself, I lost myself
For a minute there
I lost myself, I lost myself
Phew, for a minute there
I lost myself, I lost myself"
6wnmRxEbwUK7WLyUtiRuT7,Fitter Happier,OK Computer,6dVIqQ8qmQ5GBnJ9shOYGE,['Radiohead'],['4Z8W4fKeB5YxbusRsdQVPb'],7,1,False,0.4320000000000001,0.391,9,-14.99,1,0.242,0.813,0.0036299999999999,0.155,0.7440000000000001,123.538,117333,4.0,1997,1997-05-28,"Fitter, happier, more productive,
comfortable, not drinking too much
Regular exercise at the gym, 3 days a week
Getting on better with your associate employee contemporaries
At ease
Eating well,
no more microwave dinners and saturated fats

A patient better driver, a safer car,
baby smiling in back seat
Sleeping well, no bad dreams, no paranoia
Careful to all animals,
never washing spiders down the plughole
Keep in contact with old friends,
enjoy a drink now and then

Will frequently check credit at moral bank, hole in wall
Favors for favors, fond but not in love
Charity standing orders
on sundays ring road supermarket
No killing moths or putting boiling water on the ants
Car wash, also on sundays,
no longer afraid of the dark or midday shadows
Nothing so ridiculously teenage
and desperate nothing so childish

At a better pace,
slower and more calculated, no chance of escape
Now self-employed, concerned, but powerless
An empowered and informed member of society,
pragmatism not idealism
Will not cry in public,
less chance of illness,
tires that grip in the wet
Shot of baby strapped in back seat,
a good memory still cries at a good film

Still kisses with saliva,
no longer empty and frantic
like a cat tied to a stick
That's driven into frozen winter shit,
the ability to laugh at weakness
Calm, fitter, healthier
and more productive a pig
in a cage on antibiotics"
0gTRROuntlrPQ64W3J2Etv,Electioneering,OK Computer,6dVIqQ8qmQ5GBnJ9shOYGE,['Radiohead'],['4Z8W4fKeB5YxbusRsdQVPb'],8,1,False,0.201,0.888,9,-5.4910000000000005,0,0.0707,0.00267,0.0981,0.291,0.3289999999999999,78.977,230627,4.0,1997,1997-05-28,"I Will Stop, I Will Stop At Nothing.
Say The Right Things When Electioneering
I Trust I Can Rely On Your Vote.

When I Go Forwards You Go Backwards
And Somewhere We Will Meet.
When I Go Forwards You Go Backwards
And Somewhere We Will Meet.
Ha Ha Ha

Riot Shields, Voodoo Economics,
It's Just Business, Cattle Prods And The I.m.f.
I Trust I Can Rely On Your Vote.

When I Go Forwards You Go Backwards
And Somewhere We Will Meet.

When I Go Forwards You Go Backwards
And Somewhere We Will Meet."
2PDQReEXBViVwkrbQ34vd7,Climbing Up the Walls,OK Computer,6dVIqQ8qmQ5GBnJ9shOYGE,['Radiohead'],['4Z8W4fKeB5YxbusRsdQVPb'],9,1,False,0.243,0.6559999999999999,11,-7.475,0,0.0409999999999999,0.0979,0.141,0.195,0.221,77.712,285200,4.0,1997,1997-05-28,"I Am The Key To The Lock In Your House
That Keeps Your Toys In The Basement
And If You Get Too Far Inside
You'll Only See My Reflection

It's Always Best With The Covers Up
I Am The Pick In The Ice
Do Not Cry Out Or Hit The Alarm
You Know We're Friends Till We Die

And Either Way You Turn, I'll Be There
Open Up Your Skull, I'll Be There
Climbing Up The Walls

It's Always Best When The Light Is Off
It's Always Better On The Outside

Fifteen Blows To The Back Of Your Head
Fifteen Blows To Your Mind

So Lock The Kids Up Safe Tonight
Shut The Eyes In The Cupboard
I've Got The Smile Of A Local Man
Who's Got The Loneliest Feeling

That Either Way You Turn, I'll Be There
Open Up Your Skull And I'll Be There
Climbing Up The Walls

Climbing Up The Walls
Climbing Up The Walls"
10nyNJ6zNy2YVYLrcwLccB,No Surprises,OK Computer,6dVIqQ8qmQ5GBnJ9shOYGE,['Radiohead'],['4Z8W4fKeB5YxbusRsdQVPb'],10,1,False,0.255,0.3929999999999999,5,-10.654000000000002,1,0.0278,0.0577,0.00361,0.113,0.118,76.426,229120,4.0,1997,1997-05-28,"A heart that's full up like a landfill
A job that slowly kills you
Bruises that won't heal

You look so tired and unhappy
Bring down the government
They don't, they don't speak for us
I'll take a quiet life
A handshake of carbon monoxide

No alarms and no surprises
No alarms and no surprises
No alarms and no surprises
Silent, silent

This is my final fit, my final bellyache with

No alarms and no surprises
No alarms and no surprises
No alarms and no surprises please

Such a pretty house, such a pretty garden

No alarms and no surprises (let me out of here)
No alarms and no surprises (let me out of here)
No alarms and no surprises please (let me out of here)"
14xj58ZexBaEaHARb11Cqs,Lucky,OK Computer,6dVIqQ8qmQ5GBnJ9shOYGE,['Radiohead'],['4Z8W4fKeB5YxbusRsdQVPb'],11,1,False,0.213,0.4,11,-9.813,0,0.0324,0.053,0.612,0.111,0.195,133.369,258813,4.0,1997,1997-05-28,"I'm on a roll,
I'm on a roll,
this time,
I feel my luck could change
Kill me Sarah,
kill me again with love,
it's gonna be a glorious day
Pull me out of the aircrash,
pull me out of the lake,
cause I'm your superhero
We are standing on the edge
The head of state is calling my name but I,
I don't have time for him
It's gonna be a glorius day,
I feel my luck could change
Pull me out of the aircrash,
pull me out of the lake,
cause I'm your superhero
We are standing on the edge,
we are standing on the edge

We are standing on the edge"
1UuaWKypSkIHxFZD03zw4m,The Tourist,OK Computer,6dVIqQ8qmQ5GBnJ9shOYGE,['Radiohead'],['4Z8W4fKeB5YxbusRsdQVPb'],12,1,False,0.241,0.295,4,-8.57,1,0.0318,0.223,0.0319,0.11,0.0398,114.347,326533,5.0,1997,1997-05-28,"It Barks At No-One Else But Me,
Like It's Seen A Ghost.
I Guess It's Seen The Sparks A-Flowin,
No-One Else Would Know.
Hey Man, Slow Down, Slow Down,
Idiot, Slow Down, Slow Down.

Sometimes I Get Overcharged,
That's When You See Sparks.
They Ask Me Where The Hell I'm Going?
At A 1000 Feet Per Second,

Hey Man, Slow Down, Slow Down,
Idiot, Slow Down, Slow Down.

Hey Man, Slow Down, Slow Down,

Idiot, Slow Down, Slow Down."
2HO0MwfNYxJa2zwo6vrQMT,Bloom,The King Of Limbs,3P17levwUPzmFfLYdAK3A7,['Radiohead'],['4Z8W4fKeB5YxbusRsdQVPb'],1,1,False,0.519,0.959,0,-7.596,0,0.157,0.619,0.8859999999999999,0.0831,0.341,149.72899999999996,313671,4.0,2011,2011-02-18,"Open your mouth wide
The universal sigh
And while the ocean blooms
It's what keeps me alive
""So why does this still hurt?""
Don't blow your mind with whys

Oooooh

I'm moving out of orbit (Turning in somersaults)
Turning in somersaults (A giant turtle's eyes)
A giant turtle's eyes (As jellyfish float by)
As jellyfish float by

It's what keeps me alive"
0LP2TRYiYtwpV9qbvedm3Y,Morning Mr Magpie,The King Of Limbs,3P17levwUPzmFfLYdAK3A7,['Radiohead'],['4Z8W4fKeB5YxbusRsdQVPb'],2,1,False,0.648,0.5870000000000001,5,-10.993,1,0.052,0.42,0.8390000000000001,0.141,0.402,70.124,280719,4.0,2011,2011-02-18,"You got some nerve coming here
You got some nerve coming here
You stole it all, give it back
You stole it all, give it back

Good morning, Mr. Magpie
How are we today?
Now you've stolen all the magic
And took my memory

No no no no no no no

You know you should, but you don't
You know you should, but you don't

Good morning, Mr. Magpie
How are we today?
Now you've stolen all the magic
Took my melody"
1R5qCDSE1XEiSDMkA0LAhf,Little By Little,The King Of Limbs,3P17levwUPzmFfLYdAK3A7,['Radiohead'],['4Z8W4fKeB5YxbusRsdQVPb'],3,1,False,0.618,0.887,4,-8.423,0,0.0376,0.4270000000000001,0.415,0.213,0.603,115.623,267154,4.0,2011,2011-02-18,"Turn to nasty now
The dark cell
The pit of my soul
The last one out of the box
The one who broke this spell

Little by little by hook or by crook
I'm such a tease
And you're such a flirt
Once you've been hurt
You've been around enough

Little by little by hook or by crook
Never get nervous
Never get judged
I'm no idiot
I should look

Your clue on hold, snapped up
Crawling with my love
The last one out of the box
The one that broke the seal
Obligation
Complication
Routines and schedules
Drug and kill you
Kill you

Little by little by hook or by crook
Never get nervous
Never get judged
I'm no idiot
I should look"
7pEP2RXIZNXaI24enG8cyL,Feral,The King Of Limbs,3P17levwUPzmFfLYdAK3A7,['Radiohead'],['4Z8W4fKeB5YxbusRsdQVPb'],4,1,False,0.49,0.777,7,-11.521,1,0.0974,0.00101,0.897,0.0896,0.7290000000000001,135.991,192743,4.0,2011,2011-02-18,"I'm not yours
You're not mine
It's all fine
Please don't judge, judge

(ad lib)
Judge"
2QeutlLcJf2V1cMUUsDFT1,Lotus Flower,The King Of Limbs,3P17levwUPzmFfLYdAK3A7,['Radiohead'],['4Z8W4fKeB5YxbusRsdQVPb'],5,1,False,0.721,0.6759999999999999,2,-8.78,0,0.032,0.0899,0.3339999999999999,0.0826,0.62,127.99,300219,4.0,2011,2011-02-18,"I will sneak myself into your pocket
Invisible, do what you want, do what you want
I will sink and I will disappear
I will slip into the groove and cut me up and cut me up

There's an empty space inside my heart
Where the wings take root
So now I'll set you free
I'll set you free
There's an empty space inside my heart
And it won't take root
Tonight I'll set you free
I'll set you free

Slowly we unfurl

As lotus flowers
And all I want is the moon upon a stick
Dancing around the pit
Just to see what it is
I can't kick the habit
Just to feed your fast ballooning head
Listen to your heart

We will sink and be quiet as mice
While the cat is away and do what we want
Do what we want

There's an empty space inside my heart
And now it won't take root
And now I set you free
I set you free

Because all I want is the moon upon a stick

Just to see what it is
Just to see what gives
Take the lotus flowers into my room
Slowly we unfurl
As lotus flowers
All I want is the moon upon a stick
Dance around a pit
The darkness is beneath
I can't kick the habit
Just to feed my fast ballooning head
Listen to your heart"
6ttYF5VadzTssGV2i1Q08T,Codex,The King Of Limbs,3P17levwUPzmFfLYdAK3A7,['Radiohead'],['4Z8W4fKeB5YxbusRsdQVPb'],6,1,False,0.346,0.128,2,-17.535999999999998,0,0.0303,0.841,0.76,0.13,0.0654,58.996,287067,4.0,2011,2011-02-18,"Sleight of hand
Jump off the end
Into a clear lake
No one around
Just dragonflies
Fantasized
No one gets hurt
You've done nothing wrong

Slide your hand
Jump off the end
The water's clear
And innocent
The water's clear
And innocent"
05NZMYuLR71Z3qrZOUiUm2,Give Up The Ghost,The King Of Limbs,3P17levwUPzmFfLYdAK3A7,['Radiohead'],['4Z8W4fKeB5YxbusRsdQVPb'],7,1,False,0.305,0.262,7,-12.278,1,0.0297,0.8859999999999999,0.0781,0.19,0.157,77.061,290067,4.0,2011,2011-02-18,"Don't hurt me, don't haunt me
Don't hurt me, don't haunt me
Don't hurt me

Gather up the lost and their souls (Don't haunt me)
Into your arms (Don't hurt me)
Into your arms (Don't haunt me)
Gather up the pitiful (Don't hurt me, don't haunt me)
Into your arms (Don't hurt me)
Into your arms (Don't haunt me)
Into your arms (Don't hurt me)
Into your arms (Don't haunt me)

(Into your arms)

What seems impossible (Don't hurt me, don't haunt me)
Into your arms (Don't hurt me)
Into your arms (Don't haunt me)
Into your arms
I think I have had my fill (Don't hurt me, don't haunt me)
Into your arms (Don't hurt me)
Into your arms (Don't haunt me)
Into your arms (Don't hurt me)
Into your arms (Don't haunt me)
I think I should give up the ghost
(Don't hurt me, don't haunt me)
Into your arms (Don't hurt me, don't haunt me)

Into your arms (Don't hurt me)
Into your arms (Don't haunt me)
Into your arms (Don't hurt me)

Into your arms (Don't haunt me)
Into your arms (Don't hurt me)
Into your arms (Don't haunt me)
Into your arms (Don't hurt me)
Into your arms (Don't haunt me)
Into your arms (Don't hurt me)
Into your arms (Don't haunt me)"
2fV57qob1dYMJKEfTwHOt1,Separator,The King Of Limbs,3P17levwUPzmFfLYdAK3A7,['Radiohead'],['4Z8W4fKeB5YxbusRsdQVPb'],8,1,False,0.6940000000000001,0.7759999999999999,3,-9.803,1,0.0557,0.039,0.741,0.0884,0.631,113.804,319249,4.0,2011,2011-02-18,"It's like I've fallen out of bed
From a long and vivid dream
The sweetest flowered fruits were hanging from the trees
Falling off the giant bird that's been carrying me
It's like I've fallen out of bed
From a long and vivid dream

Just exactly as I remember
Every word, every gesture
I've my heart
In my mouth

Like I'm fallen out of bed
From a long and vivid dream

Finally I'm free of all the weight I've been carrying

And as that woman blows her cover
In the eye of the beholder
I'm a fish now out of water
Fallen off a giant bird that's been carrying me
(Did so much, did so much)

I fell open, I lay under
At the tip I lost your number
I wanna slip over
And get back under

And if you think this is over
Then you're wrong
If you think this is over
Then you're wrong

If you think this is over (Wake me up)
Then you're wrong (Wake me up)
If you think this is over (Wake me up)
Then you're wrong (Wake me up)

Like I'm fallen out of bed (Wake me up)
From a long and vivid dream (Wake me up)
Finally I'm free of all the weight I've been carrying (Wake me up, wake me up)

When at last, you give in
When at last, you give in
Wake me up, wake me up
Wake me up, wake me up
Wake me up, wake me up
Wake me up, wake me up"
